{
  "AccountId": "BeltOwl",
  "Email": "BeltOwl@modnite.net",
  "PasswordHash": "e7cf3ef4f17c3999a94f2c6f612e8a888e5b1026878e4e19398b23bd38ec221a",
  "DisplayName": "[DEVELOPER] BeltOwl",
  "DisplayNameHistory": [],
  "FailedLoginAttempts": 0,
  "FirstName": null,
  "LastName": null,
  "LastLogin": "2018-11-15T14:10:27.4637479Z",
  "Country": "US",
  "PreferredLanguage": "en",
  "IsBanned": false,
  "AthenaItems": [
    "AthenaDance:eid_dancemoves",
    "AthenaGlider:defaultglider",
    "AthenaPickaxe:defaultpickaxe",
    "AthenaCharacter:CID_009_Athena_Commando_M",
    "AthenaCharacter:CID_010_Athena_Commando_M",
    "AthenaCharacter:CID_011_Athena_Commando_M",
    "AthenaCharacter:CID_012_Athena_Commando_M",
    "AthenaCharacter:CID_013_Athena_Commando_F",
    "AthenaCharacter:CID_014_Athena_Commando_F",
    "AthenaCharacter:CID_015_Athena_Commando_F",
    "AthenaCharacter:CID_016_Athena_Commando_F",
    "AthenaDance:eid_touchdown",
    "AthenaDance:eid_disagree",
    "AthenaCharacter:CID_207_Athena_Commando_M_FootballDudeA",
    "AthenaCharacter:CID_208_Athena_Commando_M_FootballDudeB",
    "AthenaCharacter:CID_209_Athena_Commando_M_FootballDudeC",
    "AthenaCharacter:CID_239_Athena_Commando_M_FootballDudeD",
    "AthenaCharacter:CID_210_Athena_Commando_F_FootballGirlA",
    "AthenaCharacter:CID_211_Athena_Commando_F_FootballGirlB",
    "AthenaCharacter:CID_212_Athena_Commando_F_FootballGirlC",
    "AthenaCharacter:CID_238_Athena_Commando_F_FootballGirlD",
    "AthenaBackpack:bid_001_bluesquire",
    "AthenaBackpack:bid_002_royaleknight",
    "AthenaBackpack:bid_003_redknight",
    "AthenaBackpack:bid_004_blackknight",
    "AthenaBackpack:bid_005_raptor",
    "AthenaBackpack:bid_006_skidude",
    "AthenaBackpack:bid_007_skidude_usa",
    "AthenaBackpack:bid_008_skidude_can",
    "AthenaBackpack:bid_009_skidude_gbr",
    "AthenaBackpack:bid_010_skidude_fra",
    "AthenaBackpack:bid_011_skidude_ger",
    "AthenaBackpack:bid_012_skidude_chn",
    "AthenaBackpack:bid_013_skidude_kor",
    "AthenaBackpack:bid_014_skigirl",
    "AthenaBackpack:bid_015_skigirl_usa",
    "AthenaBackpack:bid_016_skigirl_can",
    "AthenaBackpack:bid_017_skigirl_gbr",
    "AthenaBackpack:bid_018_skigirl_fra",
    "AthenaBackpack:bid_019_skigirl_ger",
    "AthenaBackpack:bid_020_skigirl_chn",
    "AthenaBackpack:bid_021_skigirl_kor",
    "AthenaBackpack:bid_022_cupid",
    "AthenaBackpack:bid_023_pinkbear",
    "AthenaBackpack:bid_024_space",
    "AthenaBackpack:bid_025_tactical",
    "AthenaBackpack:bid_026_brite",
    "AthenaBackpack:bid_027_scavenger",
    "AthenaBackpack:bid_028_spaceblack",
    "AthenaBackpack:bid_029_retrogrey",
    "AthenaBackpack:bid_030_tacticalrogue",
    "AthenaBackpack:bid_031_dinosaur",
    "AthenaBackpack:bid_032_foundermale",
    "AthenaBackpack:bid_033_founderfemale",
    "AthenaBackpack:bid_034_rockerpunk",
    "AthenaBackpack:bid_035_scathach",
    "AthenaBackpack:bid_036_raven",
    "AthenaBackpack:bid_037_bunnymale",
    "AthenaBackpack:bid_038_bunnyfemale",
    "AthenaBackpack:bid_039_spaceblackfemale",
    "AthenaBackpack:bid_040_wukong",
    "AthenaBackpack:bid_041_pajamaparty",
    "AthenaBackpack:bid_042_fishhead",
    "AthenaBackpack:bid_043_pizza",
    "AthenaBackpack:bid_044_robo",
    "AthenaBackpack:bid_045_tacticaljungle",
    "AthenaBackpack:bid_047_candy",
    "AthenaBackpack:bid_048_graffiti",
    "AthenaBackpack:bid_049_tacticalwoodland",
    "AthenaBackpack:bid_050_hazmat",
    "AthenaBackpack:bid_051_merman",
    "AthenaBackpack:bid_052_hazmatfemale",
    "AthenaBackpack:bid_053_jailbirdmale",
    "AthenaBackpack:bid_054_jailbirdfemale",
    "AthenaBackpack:bid_055_psburnout",
    "AthenaBackpack:bid_056_fighterpilot",
    "AthenaBackpack:bid_057_visitor",
    "AthenaBackpack:bid_058_darkeagle",
    "AthenaBackpack:bid_059_wwiipilot",
    "AthenaBackpack:bid_060_darkninja",
    "AthenaBackpack:bid_061_carbideorange",
    "AthenaBackpack:bid_062_gumshoe",
    "AthenaBackpack:bid_063_cuchulainn",
    "AthenaBackpack:bid_064_fuzzybearind",
    "AthenaBackpack:bid_065_carbideblack",
    "AthenaBackpack:bid_066_speedyred",
    "AthenaBackpack:bid_067_gumshoefemale",
    "AthenaBackpack:bid_068_gumshoedark",
    "AthenaBackpack:bid_069_decomale",
    "AthenaBackpack:bid_070_decofemale",
    "AthenaBackpack:bid_071_vikingfemale",
    "AthenaBackpack:bid_072_vikingmale",
    "AthenaBackpack:bid_073_darkviking",
    "AthenaBackpack:bid_074_lifeguardfemale",
    "AthenaBackpack:bid_075_tacticalbadass",
    "AthenaBackpack:bid_076_shark",
    "AthenaBackpack:bid_077_wegame",
    "AthenaBackpack:bid_078_streetracercobrafemale",
    "AthenaBackpack:bid_079_penguin",
    "AthenaBackpack:bid_080_streetracercobramale",
    "AthenaBackpack:bid_081_scubamale",
    "AthenaBackpack:bid_082_scubafemale",
    "AthenaBackpack:bid_083_lifeguardmale",
    "AthenaBackpack:bid_084_birthday2018",
    "AthenaBackpack:bid_085_modernmilitary",
    "AthenaBackpack:bid_086_exercisefemale",
    "AthenaBackpack:bid_087_exercisemale",
    "AthenaBackpack:bid_088_sushichefmale",
    "AthenaBackpack:bid_089_streetracerwhitefemale",
    "AthenaBackpack:bid_090_streetracerwhitemale",
    "AthenaBackpack:bid_091_durrrburgerhero",
    "AthenaBackpack:bid_092_fuzzybearpanda",
    "AthenaBackpack:bid_093_hippiemale",
    "AthenaBackpack:bid_094_hippiefemale",
    "AthenaBackpack:bid_095_ravenquillfemale",
    "AthenaBackpack:bid_096_bikermale",
    "AthenaBackpack:bid_097_bikerfemale",
    "AthenaBackpack:bid_098_bluesamuraimale",
    "AthenaBackpack:bid_099_bluesamuraifemale",
    "AthenaBackpack:bid_100_darkpaintballer",
    "AthenaBackpack:bid_101_blingfemale",
    "AthenaBackpack:bid_102_buckles",
    "AthenaBackpack:bid_103_clawed",
    "AthenaBackpack:bid_104_yellowzip",
    "AthenaBackpack:bid_105_ghostportal",
    "AthenaBackpack:bid_106_garagebandmale",
    "AthenaBackpack:bid_107_garagebandfemale",
    "AthenaBackpack:bid_108_blingmale",
    "AthenaBackpack:bid_108_hacivatmale",
    "AthenaBackpack:bid_109_medicmale",
    "AthenaBackpack:bid_110_medicfemale",
    "AthenaBackpack:bid_111_clownfemale",
    "AthenaBackpack:bid_112_clownmale",
    "AthenaBackpack:bid_113_darkvikingfemale",
    "AthenaBackpack:bid_114_modernmilitaryred",
    "AthenaBackpack:bid_115_dieselpunkmale",
    "AthenaBackpack:bid_116_dieselpunkfemale",
    "AthenaBackpack:bid_117_octoberfestmale",
    "AthenaBackpack:bid_118_octoberfestfemale",
    "AthenaBackpack:bid_119_vampirefemale",
    "AthenaBackpack:bid_120_werewolf",
    "AthenaBackpack:bid_121_redriding",
    "AthenaBackpack:bid_122_halloweentomato",
    "AthenaBackpack:bid_123_fortnitedj",
    "AthenaBackpack:bid_124_scarecrowmale",
    "AthenaBackpack:bid_125_scarecrowfemale",
    "AthenaBackpack:bid_126_darkbomber",
    "AthenaBackpack:bid_127_plaguemale",
    "AthenaBackpack:bid_128_plaguefemale",
    "AthenaBackpack:bid_129_pumpkinslice",
    "AthenaBackpack:bid_130_vampiremale02",
    "AthenaBackpack:bid_131_blackwidowfemale",
    "AthenaBackpack:bid_132_blackwidowmale",
    "AthenaBackpack:bid_133_guanyu",
    "AthenaBackpack:bid_134_militaryfashion",
    "AthenaBackpack:bid_135_muertosfemale",
    "AthenaBackpack:bid_136_muertosmale",
    "AthenaBackpack:bid_137_evilcowboy",
    "AthenaBackpack:bid_138_celestial",
    "AthenaBackpack:bid_139_fuzzybearhalloween",
    "AthenaBackpack:bid_140_streetopsmale",
    "AthenaBackpack:bid_141_streetopsfemale",
    "AthenaBackpack:bid_142_raptorarcticcamo",
    "AthenaBackpack:bid_142_samuraiultra",
    "AthenaBackpack:bid_143_madcommandermale",
    "AthenaBackpack:bid_144_madcommanderfemale",
    "AthenaBackpack:bid_145_animaljacketsmale",
    "AthenaBackpack:bid_146_animaljacketsfemale",
    "AthenaBackpack:bid_147_lilkev",
    "AthenaBackpack:bid_148_robotred",
    "AthenaBattleBus:bbid_defaultbus",
    "AthenaBattleBus:bbid_halloweenbus",
    "AthenaCharacter:cid_001_athena_commando_f_default",
    "AthenaCharacter:cid_002_athena_commando_f_default",
    "AthenaCharacter:cid_003_athena_commando_f_default",
    "AthenaCharacter:cid_004_athena_commando_f_default",
    "AthenaCharacter:cid_005_athena_commando_m_default",
    "AthenaCharacter:cid_006_athena_commando_m_default",
    "AthenaCharacter:cid_007_athena_commando_m_default",
    "AthenaCharacter:cid_008_athena_commando_m_default",
    "AthenaCharacter:cid_009_athena_commando_m",
    "AthenaCharacter:cid_010_athena_commando_m",
    "AthenaCharacter:cid_011_athena_commando_m",
    "AthenaCharacter:cid_012_athena_commando_m",
    "AthenaCharacter:cid_013_athena_commando_f",
    "AthenaCharacter:cid_014_athena_commando_f",
    "AthenaCharacter:cid_015_athena_commando_f",
    "AthenaCharacter:cid_016_athena_commando_f",
    "AthenaCharacter:cid_017_athena_commando_m",
    "AthenaCharacter:cid_018_athena_commando_m",
    "AthenaCharacter:cid_019_athena_commando_m",
    "AthenaCharacter:cid_020_athena_commando_m",
    "AthenaCharacter:cid_021_athena_commando_f",
    "AthenaCharacter:cid_022_athena_commando_f",
    "AthenaCharacter:cid_023_athena_commando_f",
    "AthenaCharacter:cid_024_athena_commando_f",
    "AthenaCharacter:cid_025_athena_commando_m",
    "AthenaCharacter:cid_026_athena_commando_m",
    "AthenaCharacter:cid_027_athena_commando_f",
    "AthenaCharacter:cid_028_athena_commando_f",
    "AthenaCharacter:cid_029_athena_commando_f_halloween",
    "AthenaCharacter:cid_030_athena_commando_m_halloween",
    "AthenaCharacter:cid_031_athena_commando_m_retro",
    "AthenaCharacter:cid_032_athena_commando_m_medieval",
    "AthenaCharacter:cid_033_athena_commando_f_medieval",
    "AthenaCharacter:cid_034_athena_commando_f_medieval",
    "AthenaCharacter:cid_035_athena_commando_m_medieval",
    "AthenaCharacter:cid_036_athena_commando_m_wintercamo",
    "AthenaCharacter:cid_037_athena_commando_f_wintercamo",
    "AthenaCharacter:cid_038_athena_commando_m_disco",
    "AthenaCharacter:cid_039_athena_commando_f_disco",
    "AthenaCharacter:cid_040_athena_commando_m_district",
    "AthenaCharacter:cid_041_athena_commando_f_district",
    "AthenaCharacter:cid_042_athena_commando_m_cyberpunk",
    "AthenaCharacter:cid_043_athena_commando_f_stealth",
    "AthenaCharacter:cid_044_athena_commando_f_scipop",
    "AthenaCharacter:cid_045_athena_commando_m_holidaysweater",
    "AthenaCharacter:cid_046_athena_commando_f_holidaysweater",
    "AthenaCharacter:cid_047_athena_commando_f_holidayreindeer",
    "AthenaCharacter:cid_048_athena_commando_f_holidaygingerbread",
    "AthenaCharacter:cid_049_athena_commando_m_holidaygingerbread",
    "AthenaCharacter:cid_050_athena_commando_m_holidaynutcracker",
    "AthenaCharacter:cid_051_athena_commando_m_holidayelf",
    "AthenaCharacter:cid_052_athena_commando_f_psblue",
    "AthenaCharacter:cid_053_athena_commando_m_skidude",
    "AthenaCharacter:cid_054_athena_commando_m_skidude_usa",
    "AthenaCharacter:cid_055_athena_commando_m_skidude_can",
    "AthenaCharacter:cid_056_athena_commando_m_skidude_gbr",
    "AthenaCharacter:cid_057_athena_commando_m_skidude_fra",
    "AthenaCharacter:cid_058_athena_commando_m_skidude_ger",
    "AthenaCharacter:cid_059_athena_commando_m_skidude_chn",
    "AthenaCharacter:cid_060_athena_commando_m_skidude_kor",
    "AthenaCharacter:cid_061_athena_commando_f_skigirl",
    "AthenaCharacter:cid_062_athena_commando_f_skigirl_usa",
    "AthenaCharacter:cid_063_athena_commando_f_skigirl_can",
    "AthenaCharacter:cid_064_athena_commando_f_skigirl_gbr",
    "AthenaCharacter:cid_065_athena_commando_f_skigirl_fra",
    "AthenaCharacter:cid_066_athena_commando_f_skigirl_ger",
    "AthenaCharacter:cid_067_athena_commando_f_skigirl_chn",
    "AthenaCharacter:cid_068_athena_commando_f_skigirl_kor",
    "AthenaCharacter:cid_069_athena_commando_f_pinkbear",
    "AthenaCharacter:cid_070_athena_commando_m_cupid",
    "AthenaCharacter:cid_071_athena_commando_m_wukong",
    "AthenaCharacter:cid_072_athena_commando_m_scout",
    "AthenaCharacter:cid_073_athena_commando_f_scuba",
    "AthenaCharacter:cid_074_athena_commando_f_stripe",
    "AthenaCharacter:cid_075_athena_commando_f_stripe",
    "AthenaCharacter:cid_076_athena_commando_f_sup",
    "AthenaCharacter:cid_077_athena_commando_m_sup",
    "AthenaCharacter:cid_078_athena_commando_m_camo",
    "AthenaCharacter:cid_079_athena_commando_f_camo",
    "AthenaCharacter:cid_080_athena_commando_m_space",
    "AthenaCharacter:cid_081_athena_commando_f_space",
    "AthenaCharacter:cid_082_athena_commando_m_scavenger",
    "AthenaCharacter:cid_083_athena_commando_f_tactical",
    "AthenaCharacter:cid_084_athena_commando_m_assassin",
    "AthenaCharacter:cid_085_athena_commando_m_twitch",
    "AthenaCharacter:cid_086_athena_commando_m_redsilk",
    "AthenaCharacter:cid_087_athena_commando_f_redsilk",
    "AthenaCharacter:cid_088_athena_commando_m_spaceblack",
    "AthenaCharacter:cid_089_athena_commando_m_retrogrey",
    "AthenaCharacter:cid_090_athena_commando_m_tactical",
    "AthenaCharacter:cid_091_athena_commando_m_redshirt",
    "AthenaCharacter:cid_092_athena_commando_f_redshirt",
    "AthenaCharacter:cid_093_athena_commando_m_dinosaur",
    "AthenaCharacter:cid_094_athena_commando_m_rider",
    "AthenaCharacter:cid_095_athena_commando_m_founder",
    "AthenaCharacter:cid_096_athena_commando_f_founder",
    "AthenaCharacter:cid_097_athena_commando_f_rockerpunk",
    "AthenaCharacter:cid_098_athena_commando_f_stpatty",
    "AthenaCharacter:cid_099_athena_commando_f_scathach",
    "AthenaCharacter:cid_100_athena_commando_m_cuchulainn",
    "AthenaCharacter:cid_101_athena_commando_m_stealth",
    "AthenaCharacter:cid_102_athena_commando_m_raven",
    "AthenaCharacter:cid_103_athena_commando_m_bunny",
    "AthenaCharacter:cid_104_athena_commando_f_bunny",
    "AthenaCharacter:cid_105_athena_commando_f_spaceblack",
    "AthenaCharacter:cid_106_athena_commando_f_taxi",
    "AthenaCharacter:cid_107_athena_commando_f_pajamaparty",
    "AthenaCharacter:cid_108_athena_commando_m_fishhead",
    "AthenaCharacter:cid_109_athena_commando_m_pizza",
    "AthenaCharacter:cid_110_athena_commando_f_circuitbreaker",
    "AthenaCharacter:cid_111_athena_commando_f_robo",
    "AthenaCharacter:cid_112_athena_commando_m_brite",
    "AthenaCharacter:cid_113_athena_commando_m_blueace",
    "AthenaCharacter:cid_114_athena_commando_f_tacticalwoodland",
    "AthenaCharacter:cid_115_athena_commando_m_carbideblue",
    "AthenaCharacter:cid_116_athena_commando_m_carbideblack",
    "AthenaCharacter:cid_117_athena_commando_m_tacticaljungle",
    "AthenaCharacter:cid_118_athena_commando_f_valor",
    "AthenaCharacter:cid_119_athena_commando_f_candy",
    "AthenaCharacter:cid_120_athena_commando_f_graffiti",
    "AthenaCharacter:cid_121_athena_commando_m_graffiti",
    "AthenaCharacter:cid_122_athena_commando_m_metal",
    "AthenaCharacter:cid_123_athena_commando_f_metal",
    "AthenaCharacter:cid_124_athena_commando_f_auroraglow",
    "AthenaCharacter:cid_125_athena_commando_m_tacticalwoodland",
    "AthenaCharacter:cid_126_athena_commando_m_auroraglow",
    "AthenaCharacter:cid_127_athena_commando_m_hazmat",
    "AthenaCharacter:cid_128_athena_commando_f_hazmat",
    "AthenaCharacter:cid_129_athena_commando_m_deco",
    "AthenaCharacter:cid_130_athena_commando_m_merman",
    "AthenaCharacter:cid_131_athena_commando_m_warpaint",
    "AthenaCharacter:cid_132_athena_commando_m_venus",
    "AthenaCharacter:cid_133_athena_commando_f_deco",
    "AthenaCharacter:cid_134_athena_commando_m_jailbird",
    "AthenaCharacter:cid_135_athena_commando_f_jailbird",
    "AthenaCharacter:cid_136_athena_commando_m_basketball",
    "AthenaCharacter:cid_137_athena_commando_f_basketball",
    "AthenaCharacter:cid_138_athena_commando_m_psburnout",
    "AthenaCharacter:cid_139_athena_commando_m_fighterpilot",
    "AthenaCharacter:cid_140_athena_commando_m_visitor",
    "AthenaCharacter:cid_141_athena_commando_m_darkeagle",
    "AthenaCharacter:cid_142_athena_commando_m_wwiipilot",
    "AthenaCharacter:cid_143_athena_commando_f_darkninja",
    "AthenaCharacter:cid_144_athena_commando_m_soccerdudea",
    "AthenaCharacter:cid_145_athena_commando_m_soccerdudeb",
    "AthenaCharacter:cid_146_athena_commando_m_soccerdudec",
    "AthenaCharacter:cid_148_athena_commando_f_soccergirla",
    "AthenaCharacter:cid_149_athena_commando_f_soccergirlb",
    "AthenaCharacter:cid_150_athena_commando_f_soccergirlc",
    "AthenaCharacter:cid_151_athena_commando_f_soccergirld",
    "AthenaCharacter:cid_152_athena_commando_f_carbideorange",
    "AthenaCharacter:cid_153_athena_commando_f_carbideblack",
    "AthenaCharacter:cid_154_athena_commando_m_gumshoe",
    "AthenaCharacter:cid_155_athena_commando_f_gumshoe",
    "AthenaCharacter:cid_156_athena_commando_f_fuzzybearind",
    "AthenaCharacter:cid_157_athena_commando_m_starsandstripes",
    "AthenaCharacter:cid_158_athena_commando_f_starsandstripes",
    "AthenaCharacter:cid_159_athena_commando_m_gumshoedark",
    "AthenaCharacter:cid_160_athena_commando_m_speedyred",
    "AthenaCharacter:cid_161_athena_commando_m_drift",
    "AthenaCharacter:cid_162_athena_commando_f_streetracer",
    "AthenaCharacter:cid_163_athena_commando_f_viking",
    "AthenaCharacter:cid_164_athena_commando_m_viking",
    "AthenaCharacter:cid_165_athena_commando_m_darkviking",
    "AthenaCharacter:cid_166_athena_commando_f_lifeguard",
    "AthenaCharacter:cid_167_athena_commando_m_tacticalbadass",
    "AthenaCharacter:cid_168_athena_commando_m_shark",
    "AthenaCharacter:cid_169_athena_commando_m_luchador",
    "AthenaCharacter:cid_170_athena_commando_f_luchador",
    "AthenaCharacter:cid_171_athena_commando_m_sharpdresser",
    "AthenaCharacter:cid_172_athena_commando_f_sharpdresser",
    "AthenaCharacter:cid_173_athena_commando_f_starfishuniform",
    "AthenaCharacter:cid_174_athena_commando_f_carbidewhite",
    "AthenaCharacter:cid_175_athena_commando_m_celestial",
    "AthenaCharacter:cid_176_athena_commando_m_lifeguard",
    "AthenaCharacter:cid_177_athena_commando_m_streetracercobra",
    "AthenaCharacter:cid_178_athena_commando_f_streetracercobra",
    "AthenaCharacter:cid_179_athena_commando_f_scuba",
    "AthenaCharacter:cid_180_athena_commando_m_scuba",
    "AthenaCharacter:cid_182_athena_commando_m_modernmilitary",
    "AthenaCharacter:cid_183_athena_commando_m_modernmilitaryred",
    "AthenaCharacter:cid_184_athena_commando_m_durrburgerworker",
    "AthenaCharacter:cid_185_athena_commando_m_durrburgerhero",
    "AthenaCharacter:cid_186_athena_commando_m_exercise",
    "AthenaCharacter:cid_187_athena_commando_f_fuzzybearpanda",
    "AthenaCharacter:cid_188_athena_commando_f_streetracerwhite",
    "AthenaCharacter:cid_189_athena_commando_f_exercise",
    "AthenaCharacter:cid_190_athena_commando_m_streetracerwhite",
    "AthenaCharacter:cid_191_athena_commando_m_sushichef",
    "AthenaCharacter:cid_192_athena_commando_m_hippie",
    "AthenaCharacter:cid_193_athena_commando_f_hippie",
    "AthenaCharacter:cid_194_athena_commando_f_ravenquill",
    "AthenaCharacter:cid_195_athena_commando_f_bling",
    "AthenaCharacter:cid_196_athena_commando_m_biker",
    "AthenaCharacter:cid_197_athena_commando_f_biker",
    "AthenaCharacter:cid_198_athena_commando_m_bluesamurai",
    "AthenaCharacter:cid_199_athena_commando_f_bluesamurai",
    "AthenaCharacter:cid_200_athena_commando_m_darkpaintballer",
    "AthenaCharacter:cid_201_athena_commando_m_desertops",
    "AthenaCharacter:cid_202_athena_commando_f_desertops",
    "AthenaCharacter:cid_203_athena_commando_m_cloakedstar",
    "AthenaCharacter:cid_204_athena_commando_m_garageband",
    "AthenaCharacter:cid_205_athena_commando_f_garageband",
    "AthenaCharacter:cid_206_athena_commando_m_bling",
    "AthenaCharacter:cid_208_athena_commando_m_footballdudeb",
    "AthenaCharacter:cid_214_athena_commando_f_footballreferee",
    "AthenaCharacter:cid_215_athena_commando_m_footballreferee",
    "AthenaCharacter:cid_216_athena_commando_f_medic",
    "AthenaCharacter:cid_217_athena_commando_m_medic",
    "AthenaCharacter:cid_218_athena_commando_m_greenberet",
    "AthenaCharacter:cid_219_athena_commando_m_hacivat",
    "AthenaCharacter:cid_220_athena_commando_f_clown",
    "AthenaCharacter:cid_221_athena_commando_m_clown",
    "AthenaCharacter:cid_222_athena_commando_f_darkviking",
    "AthenaCharacter:cid_223_athena_commando_m_dieselpunk",
    "AthenaCharacter:cid_224_athena_commando_f_dieselpunk",
    "AthenaCharacter:cid_225_athena_commando_m_octoberfest",
    "AthenaCharacter:cid_226_athena_commando_f_octoberfest",
    "AthenaCharacter:cid_227_athena_commando_f_vampire",
    "AthenaCharacter:cid_228_athena_commando_m_vampire",
    "AthenaCharacter:cid_229_athena_commando_f_darkbomber",
    "AthenaCharacter:cid_230_athena_commando_m_werewolf",
    "AthenaCharacter:cid_231_athena_commando_f_redriding",
    "AthenaCharacter:cid_232_athena_commando_f_halloweentomato",
    "AthenaCharacter:cid_233_athena_commando_m_fortnitedj",
    "AthenaCharacter:cid_234_athena_commando_m_llamarider",
    "AthenaCharacter:cid_235_athena_commando_m_scarecrow",
    "AthenaCharacter:cid_236_athena_commando_f_scarecrow",
    "AthenaCharacter:cid_237_athena_commando_f_cowgirl",
    "AthenaCharacter:cid_240_athena_commando_f_plague",
    "AthenaCharacter:cid_241_athena_commando_m_plague",
    "AthenaCharacter:cid_242_athena_commando_f_bullseye",
    "AthenaCharacter:cid_243_athena_commando_m_pumpkinslice",
    "AthenaCharacter:cid_244_athena_commando_m_pumpkinsuit",
    "AthenaCharacter:cid_246_athena_commando_f_grave",
    "AthenaCharacter:cid_247_athena_commando_m_guanyu",
    "AthenaCharacter:cid_248_athena_commando_m_blackwidow",
    "AthenaCharacter:cid_249_athena_commando_f_blackwidow",
    "AthenaCharacter:cid_250_athena_commando_m_evilcowboy",
    "AthenaCharacter:cid_251_athena_commando_f_muertos",
    "AthenaCharacter:cid_252_athena_commando_m_muertos",
    "AthenaCharacter:cid_253_athena_commando_m_militaryfashion2",
    "AthenaCharacter:cid_254_athena_commando_m_zombie",
    "AthenaCharacter:cid_255_athena_commando_f_halloweenbunny",
    "AthenaCharacter:cid_256_athena_commando_m_pumpkin",
    "AthenaCharacter:cid_257_athena_commando_m_samuraiultra",
    "AthenaCharacter:cid_258_athena_commando_f_fuzzybearhalloween",
    "AthenaCharacter:cid_259_athena_commando_m_streetops",
    "AthenaCharacter:cid_260_athena_commando_f_streetops",
    "AthenaCharacter:cid_261_athena_commando_m_raptorarcticcamo",
    "AthenaCharacter:cid_262_athena_commando_m_madcommander",
    "AthenaCharacter:cid_263_athena_commando_f_madcommander",
    "AthenaCharacter:cid_264_athena_commando_m_animaljackets",
    "AthenaCharacter:cid_265_athena_commando_f_animaljackets",
    "AthenaCharacter:cid_266_athena_commando_f_llamarider",
    "AthenaCharacter:cid_267_athena_commando_m_robotred",
    "AthenaCharacter:dev_testasset",
    "AthenaConsumableEmote:eid_gunshow",
    "AthenaSkyDiveContrail:defaultcontrail",
    "AthenaSkyDiveContrail:trails_id_001_disco",
    "AthenaSkyDiveContrail:trails_id_002_rainbow",
    "AthenaSkyDiveContrail:trails_id_003_fire",
    "AthenaSkyDiveContrail:trails_id_004_bluestreak",
    "AthenaSkyDiveContrail:trails_id_005_bubbles",
    "AthenaSkyDiveContrail:trails_id_006_starsandstripes",
    "AthenaSkyDiveContrail:trails_id_007_tp",
    "AthenaSkyDiveContrail:trails_id_008_lightning",
    "AthenaSkyDiveContrail:trails_id_009_hearts",
    "AthenaSkyDiveContrail:trails_id_010_retroscifi",
    "AthenaSkyDiveContrail:trails_id_011_glitch",
    "AthenaSkyDiveContrail:trails_id_012_spraypaint",
    "AthenaSkyDiveContrail:trails_id_013_shootingstar",
    "AthenaSkyDiveContrail:trails_id_014_vines",
    "AthenaSkyDiveContrail:trails_id_015_goldenstarfish",
    "AthenaSkyDiveContrail:trails_id_016_ice",
    "AthenaSkyDiveContrail:trails_id_017_lanterns",
    "AthenaSkyDiveContrail:trails_id_018_runes",
    "AthenaSkyDiveContrail:trails_id_019_psburnout",
    "AthenaSkyDiveContrail:trails_id_020_ravenquill",
    "AthenaSkyDiveContrail:trails_id_021_bling",
    "AthenaSkyDiveContrail:trails_id_022_greensmoke",
    "AthenaSkyDiveContrail:trails_id_023_fireflies",
    "AthenaSkyDiveContrail:trails_id_024_dieselsmoke",
    "AthenaSkyDiveContrail:trails_id_025_jackolantern",
    "AthenaSkyDiveContrail:trails_id_026_bats",
    "AthenaSkyDiveContrail:trails_id_31_greenflame",
    "AthenaDance:eid_aerobics",
    "AthenaDance:eid_backflip",
    "AthenaDance:eid_basketball",
    "AthenaDance:eid_bendy",
    "AthenaDance:eid_bestmates",
    "AthenaDance:eid_boneless",
    "AthenaDance:eid_boogiedown",
    "AthenaDance:eid_breakdance",
    "AthenaDance:eid_breakyou",
    "AthenaDance:eid_bringiton",
    "AthenaDance:eid_calculated",
    "AthenaDance:eid_capoeira",
    "AthenaDance:eid_celebration",
    "AthenaDance:eid_chicken",
    "AthenaDance:eid_chug",
    "AthenaDance:eid_clapperboard",
    "AthenaDance:eid_confused",
    "AthenaDance:eid_crazyfeet",
    "AthenaDance:eid_crisscross",
    "AthenaDance:eid_cry",
    "AthenaDance:eid_dab",
    "AthenaDance:eid_dinosaur",
    "AthenaDance:eid_discofever",
    "AthenaDance:eid_dj01",
    "AthenaDance:eid_dustinghands",
    "AthenaDance:eid_dustoffshoulders",
    "AthenaDance:eid_easternbloc",
    "AthenaDance:eid_electroshuffle",
    "AthenaDance:eid_electroswing",
    "AthenaDance:eid_everytime",
    "AthenaDance:eid_facepalm",
    "AthenaDance:eid_fancyfeet",
    "AthenaDance:eid_fingerguns",
    "AthenaDance:eid_fireworksspin",
    "AthenaDance:eid_fistpump",
    "AthenaDance:eid_flamenco",
    "AthenaDance:eid_flapper",
    "AthenaDance:eid_flex",
    "AthenaDance:eid_floss",
    "AthenaDance:eid_fresh",
    "AthenaDance:eid_goodvibes",
    "AthenaDance:eid_groovejam",
    "AthenaDance:eid_halloweencandy",
    "AthenaDance:eid_handsignals",
    "AthenaDance:eid_headbang",
    "AthenaDance:eid_heelclick",
    "AthenaDance:eid_hiphop01",
    "AthenaDance:eid_hiphops5",
    "AthenaDance:eid_hitchhiker",
    "AthenaDance:eid_hotstuff",
    "AthenaDance:eid_hula",
    "AthenaDance:eid_hype",
    "AthenaDance:eid_infinitedab",
    "AthenaDance:eid_intensity",
    "AthenaDance:eid_irishjig",
    "AthenaDance:eid_juggler",
    "AthenaDance:eid_keagle",
    "AthenaDance:eid_kisskiss",
    "AthenaDance:eid_kpopdance01",
    "AthenaDance:eid_kpopdance02",
    "AthenaDance:eid_kungfusalute",
    "AthenaDance:eid_laugh",
    "AthenaDance:eid_livinglarge",
    "AthenaDance:eid_llamabell",
    "AthenaDance:eid_llamarider_glitter",
    "AthenaDance:eid_lookatthis",
    "AthenaDance:eid_makeitrain",
    "AthenaDance:eid_maracas",
    "AthenaDance:eid_myidol",
    "AthenaDance:eid_needtogo",
    "AthenaDance:eid_nottoday",
    "AthenaDance:eid_octopus",
    "AthenaDance:eid_onthehook",
    "AthenaDance:eid_popcorn",
    "AthenaDance:eid_popdance01",
    "AthenaDance:eid_poplock",
    "AthenaDance:eid_praisestorm",
    "AthenaDance:eid_praisethetomato",
    "AthenaDance:eid_pump",
    "AthenaDance:eid_puresalt",
    "AthenaDance:eid_redcard",
    "AthenaDance:eid_regalwave",
    "AthenaDance:eid_ridethepony_athena",
    "AthenaDance:eid_robot",
    "AthenaDance:eid_rocketrodeo",
    "AthenaDance:eid_rockguitar",
    "AthenaDance:eid_rockpaperscissors",
    "AthenaDance:eid_runningman",
    "AthenaDance:eid_salute",
    "AthenaDance:eid_sexyflip",
    "AthenaDance:eid_slowclap",
    "AthenaDance:eid_snap",
    "AthenaDance:eid_soccerjuggling",
    "AthenaDance:eid_somethingstinks",
    "AthenaDance:eid_sparkler",
    "AthenaDance:eid_sprinkler",
    "AthenaDance:eid_stagebow",
    "AthenaDance:eid_swipeit",
    "AthenaDance:eid_taichi",
    "AthenaDance:eid_takethel",
    "AthenaDance:eid_tapshuffle",
    "AthenaDance:eid_texting",
    "AthenaDance:eid_thumbsdown",
    "AthenaDance:eid_thumbsup",
    "AthenaDance:eid_tidy",
    "AthenaDance:eid_tpose",
    "AthenaDance:eid_truelove",
    "AthenaDance:eid_twist",
    "AthenaDance:eid_vikinghorn",
    "AthenaDance:eid_warehouse",
    "AthenaDance:eid_wave",
    "AthenaDance:eid_wiggle",
    "AthenaDance:eid_wolfhowl",
    "AthenaDance:eid_worm",
    "AthenaDance:eid_yeet",
    "AthenaDance:eid_youreawesome",
    "AthenaDance:eid_zippy",
    "AthenaDance:eid_zombie",
    "AthenaDance:emoji_100aplus",
    "AthenaDance:emoji_1hp",
    "AthenaDance:emoji_200iqplay",
    "AthenaDance:emoji_ace",
    "AthenaDance:emoji_alarm",
    "AthenaDance:emoji_angel",
    "AthenaDance:emoji_aplus",
    "AthenaDance:emoji_armflex",
    "AthenaDance:emoji_awww",
    "AthenaDance:emoji_babyseal",
    "AthenaDance:emoji_badapple",
    "AthenaDance:emoji_baited",
    "AthenaDance:emoji_banana",
    "AthenaDance:emoji_bang",
    "AthenaDance:emoji_battlebus",
    "AthenaDance:emoji_birthday2018",
    "AthenaDance:emoji_blackcat",
    "AthenaDance:emoji_bobwhat",
    "AthenaDance:emoji_boombox",
    "AthenaDance:emoji_bullseye",
    "AthenaDance:emoji_bush",
    "AthenaDance:emoji_camera",
    "AthenaDance:emoji_camper",
    "AthenaDance:emoji_celebrate",
    "AthenaDance:emoji_chicken",
    "AthenaDance:emoji_clapping",
    "AthenaDance:emoji_clown",
    "AthenaDance:emoji_comm",
    "AthenaDance:emoji_crabby",
    "AthenaDance:emoji_dealwithit",
    "AthenaDance:emoji_disco",
    "AthenaDance:emoji_dynamite",
    "AthenaDance:emoji_embarrassed",
    "AthenaDance:emoji_exclamation",
    "AthenaDance:emoji_explosion",
    "AthenaDance:emoji_fiery",
    "AthenaDance:emoji_fistbump",
    "AthenaDance:emoji_flamingrage",
    "AthenaDance:emoji_foamfinger",
    "AthenaDance:emoji_gg",
    "AthenaDance:emoji_ghost",
    "AthenaDance:emoji_go",
    "AthenaDance:emoji_goodgame",
    "AthenaDance:emoji_headshot",
    "AthenaDance:emoji_heartbroken",
    "AthenaDance:emoji_hearthands",
    "AthenaDance:emoji_hoarder",
    "AthenaDance:emoji_hotdawg",
    "AthenaDance:emoji_inlove",
    "AthenaDance:emoji_iseeyou",
    "AthenaDance:emoji_kaboom",
    "AthenaDance:emoji_lol",
    "AthenaDance:emoji_lucky",
    "AthenaDance:emoji_majestic",
    "AthenaDance:emoji_marybobbins",
    "AthenaDance:emoji_meet",
    "AthenaDance:emoji_mvp",
    "AthenaDance:emoji_number1",
    "AthenaDance:emoji_onfire",
    "AthenaDance:emoji_peacesign",
    "AthenaDance:emoji_pickaxe",
    "AthenaDance:emoji_placeholder",
    "AthenaDance:emoji_plotting",
    "AthenaDance:emoji_plunger",
    "AthenaDance:emoji_poolparty",
    "AthenaDance:emoji_positivity",
    "AthenaDance:emoji_potatoaim",
    "AthenaDance:emoji_potion",
    "AthenaDance:emoji_potofgold",
    "AthenaDance:emoji_prickly",
    "AthenaDance:emoji_rabid",
    "AthenaDance:emoji_rage",
    "AthenaDance:emoji_rainbow",
    "AthenaDance:emoji_rekt",
    "AthenaDance:emoji_rip",
    "AthenaDance:emoji_rock",
    "AthenaDance:emoji_rocketride",
    "AthenaDance:emoji_rockon",
    "AthenaDance:emoji_s6lvl100",
    "AthenaDance:emoji_salty",
    "AthenaDance:emoji_stealthy",
    "AthenaDance:emoji_stinky",
    "AthenaDance:emoji_stop",
    "AthenaDance:emoji_storm",
    "AthenaDance:emoji_sucker",
    "AthenaDance:emoji_tasty",
    "AthenaDance:emoji_tattered",
    "AthenaDance:emoji_teamwork",
    "AthenaDance:emoji_thief",
    "AthenaDance:emoji_thumbsdown",
    "AthenaDance:emoji_thumbsup",
    "AthenaDance:emoji_tp",
    "AthenaDance:emoji_trap",
    "AthenaDance:emoji_victoryroyale",
    "AthenaDance:emoji_witchsbrew",
    "AthenaDance:emoji_wow",
    "AthenaDance:emoji_zzz",
    "AthenaGlider:dev_testasset",
    "AthenaGlider:duo_umbrella",
    "AthenaGlider:dynamicstestglider",
    "AthenaGlider:founderglider",
    "AthenaGlider:founderumbrella",
    "AthenaGlider:glider_bold",
    "AthenaGlider:glider_flames",
    "AthenaGlider:glider_flowerpower",
    "AthenaGlider:glider_id_001",
    "AthenaGlider:glider_id_002_medieval",
    "AthenaGlider:glider_id_003_district",
    "AthenaGlider:glider_id_004_disco",
    "AthenaGlider:glider_id_005_holidaysweater",
    "AthenaGlider:glider_id_006_wintercamo",
    "AthenaGlider:glider_id_007_turtleshell",
    "AthenaGlider:glider_id_008_graffiti",
    "AthenaGlider:glider_id_009_candycoat",
    "AthenaGlider:glider_id_010_storm",
    "AthenaGlider:glider_id_011_jollyroger",
    "AthenaGlider:glider_id_012_teddybear",
    "AthenaGlider:glider_id_013_psblue",
    "AthenaGlider:glider_id_014_dragon",
    "AthenaGlider:glider_id_015_brite",
    "AthenaGlider:glider_id_016_tactical",
    "AthenaGlider:glider_id_017_assassin",
    "AthenaGlider:glider_id_018_twitch",
    "AthenaGlider:glider_id_019_taxi",
    "AthenaGlider:glider_id_020_fighter",
    "AthenaGlider:glider_id_021_scavenger",
    "AthenaGlider:glider_id_022_rockerpunk",
    "AthenaGlider:glider_id_023_cuchulainn",
    "AthenaGlider:glider_id_025_shuttlea",
    "AthenaGlider:glider_id_026_shuttleb",
    "AthenaGlider:glider_id_027_satelite",
    "AthenaGlider:glider_id_028_googly",
    "AthenaGlider:glider_id_029_pajamaparty",
    "AthenaGlider:glider_id_030_circuitbreaker",
    "AthenaGlider:glider_id_031_metal",
    "AthenaGlider:glider_id_032_tacticalwoodland",
    "AthenaGlider:glider_id_033_valor",
    "AthenaGlider:glider_id_034_carbideblue",
    "AthenaGlider:glider_id_035_candy",
    "AthenaGlider:glider_id_036_auroraglow",
    "AthenaGlider:glider_id_037_hazmat",
    "AthenaGlider:glider_id_038_deco",
    "AthenaGlider:glider_id_039_venus",
    "AthenaGlider:glider_id_040_jailbird",
    "AthenaGlider:glider_id_041_basketball",
    "AthenaGlider:glider_id_042_soccer",
    "AthenaGlider:glider_id_043_darkninja",
    "AthenaGlider:glider_id_044_pterodactyl",
    "AthenaGlider:glider_id_045_carbideblack",
    "AthenaGlider:glider_id_046_gumshoe",
    "AthenaGlider:glider_id_047_speedyred",
    "AthenaGlider:glider_id_048_viking",
    "AthenaGlider:glider_id_049_lifeguard",
    "AthenaGlider:glider_id_050_streetracercobra",
    "AthenaGlider:glider_id_051_luchador",
    "AthenaGlider:glider_id_052_bedazzled",
    "AthenaGlider:glider_id_053_huya",
    "AthenaGlider:glider_id_054_douyu",
    "AthenaGlider:glider_id_055_streetracerblack",
    "AthenaGlider:glider_id_056_carbidewhite",
    "AthenaGlider:glider_id_057_modernmilitary",
    "AthenaGlider:glider_id_058_shark",
    "AthenaGlider:glider_id_059_durrburgerhero",
    "AthenaGlider:glider_id_060_exercise",
    "AthenaGlider:glider_id_061_streetracerbiker",
    "AthenaGlider:glider_id_062_streetracerwhite",
    "AthenaGlider:glider_id_063_sushichef",
    "AthenaGlider:glider_id_064_biker",
    "AthenaGlider:glider_id_065_hippie",
    "AthenaGlider:glider_id_066_samuraiblue",
    "AthenaGlider:glider_id_067_psburnout",
    "AthenaGlider:glider_id_068_garageband",
    "AthenaGlider:glider_id_069_hacivat",
    "AthenaGlider:glider_id_070_darkviking",
    "AthenaGlider:glider_id_071_football",
    "AthenaGlider:glider_id_072_bling",
    "AthenaGlider:glider_id_073_medic",
    "AthenaGlider:glider_id_074_raptorarcticcamo",
    "AthenaGlider:glider_id_075_modernmilitaryred",
    "AthenaGlider:glider_id_076_dieselpunk",
    "AthenaGlider:glider_id_077_octoberfest",
    "AthenaGlider:glider_id_078_vampire",
    "AthenaGlider:glider_id_079_redriding",
    "AthenaGlider:glider_id_080_prairiepusher",
    "AthenaGlider:glider_id_081_cowboygunslinger",
    "AthenaGlider:glider_id_082_scarecrow",
    "AthenaGlider:glider_id_083_darkbomber",
    "AthenaGlider:glider_id_084_plague",
    "AthenaGlider:glider_id_085_skulltrooper",
    "AthenaGlider:glider_id_086_blackwidow",
    "AthenaGlider:glider_id_087_guanyu",
    "AthenaGlider:glider_id_088_evilcowboy",
    "AthenaGlider:glider_id_089_muertos",
    "AthenaGlider:glider_id_090_celestial",
    "AthenaGlider:glider_id_091_madcommander",
    "AthenaGlider:glider_id_092_streetops",
    "AthenaGlider:glider_id_093_animaljackets",
    "AthenaGlider:glider_id_094_samuraiultra",
    "AthenaGlider:glider_mig",
    "AthenaGlider:glider_military",
    "AthenaGlider:glider_prismatic",
    "AthenaGlider:glider_proxytest",
    "AthenaGlider:glider_roadtrip",
    "AthenaGlider:glider_stealth",
    "AthenaGlider:glider_teststaticparts",
    "AthenaGlider:glider_venom",
    "AthenaGlider:glider_voyager",
    "AthenaGlider:glider_warthog",
    "AthenaGlider:preseasonglider",
    "AthenaGlider:preseasonglider_elite",
    "AthenaGlider:solo_umbrella",
    "AthenaGlider:squad_umbrella",
    "AthenaGlider:umbrella_bronze",
    "AthenaGlider:umbrella_gold",
    "AthenaGlider:umbrella_paperparasol",
    "AthenaGlider:umbrella_platinum",
    "AthenaGlider:umbrella_season_04",
    "AthenaGlider:umbrella_season_05",
    "AthenaGlider:umbrella_season_06",
    "AthenaGlider:umbrella_silver",
    "AthenaGlider:umbrella_snowflake",
    "AthenaLoadingScreen:lsid_001_brite",
    "AthenaLoadingScreen:lsid_002_raptor",
    "AthenaLoadingScreen:lsid_003_pickaxes",
    "AthenaLoadingScreen:lsid_004_tacticalshotgun",
    "AthenaLoadingScreen:lsid_005_suppressedpistol",
    "AthenaLoadingScreen:lsid_006_minigun",
    "AthenaLoadingScreen:lsid_007_tacticalcommando",
    "AthenaLoadingScreen:lsid_008_keyart",
    "AthenaLoadingScreen:lsid_009_s4cumulative1",
    "AthenaLoadingScreen:lsid_010_s4cumulative2",
    "AthenaLoadingScreen:lsid_011_s4cumulative3",
    "AthenaLoadingScreen:lsid_012_s4cumulative4",
    "AthenaLoadingScreen:lsid_013_s4cumulative5",
    "AthenaLoadingScreen:lsid_014_s4cumulative6",
    "AthenaLoadingScreen:lsid_015_s4cumulative7",
    "AthenaLoadingScreen:lsid_016_llamasniper",
    "AthenaLoadingScreen:lsid_017_carbide",
    "AthenaLoadingScreen:lsid_018_rex",
    "AthenaLoadingScreen:lsid_019_tacticaljungle",
    "AthenaLoadingScreen:lsid_020_supplydrop",
    "AthenaLoadingScreen:lsid_021_leviathan",
    "AthenaLoadingScreen:lsid_022_britegunner",
    "AthenaLoadingScreen:lsid_023_candy",
    "AthenaLoadingScreen:lsid_024_graffiti",
    "AthenaLoadingScreen:lsid_025_raven",
    "AthenaLoadingScreen:lsid_026_s4cumulative8",
    "AthenaLoadingScreen:lsid_027_s5cumulative1",
    "AthenaLoadingScreen:lsid_028_s5cumulative2",
    "AthenaLoadingScreen:lsid_029_s5cumulative3",
    "AthenaLoadingScreen:lsid_030_s5cumulative4",
    "AthenaLoadingScreen:lsid_031_s5cumulative5",
    "AthenaLoadingScreen:lsid_032_s5cumulative6",
    "AthenaLoadingScreen:lsid_033_s5cumulative7",
    "AthenaLoadingScreen:lsid_034_abstrakt",
    "AthenaLoadingScreen:lsid_035_bandolier",
    "AthenaLoadingScreen:lsid_036_drift",
    "AthenaLoadingScreen:lsid_037_tomatohead",
    "AthenaLoadingScreen:lsid_038_highexplosives",
    "AthenaLoadingScreen:lsid_039_jailbirds",
    "AthenaLoadingScreen:lsid_040_lifeguard",
    "AthenaLoadingScreen:lsid_041_supplyllama",
    "AthenaLoadingScreen:lsid_042_omen",
    "AthenaLoadingScreen:lsid_043_redknight",
    "AthenaLoadingScreen:lsid_044_flytrap",
    "AthenaLoadingScreen:lsid_045_vikingfemale",
    "AthenaLoadingScreen:lsid_046_vikingpattern",
    "AthenaLoadingScreen:lsid_047_s5cumulative8",
    "AthenaLoadingScreen:lsid_048_s5cumulative9",
    "AthenaLoadingScreen:lsid_049_s5cumulative10",
    "AthenaLoadingScreen:lsid_050_tomatotemple",
    "AthenaLoadingScreen:lsid_051_ravage",
    "AthenaLoadingScreen:lsid_052_emoticoncollage",
    "AthenaLoadingScreen:lsid_053_supplyllama",
    "AthenaLoadingScreen:lsid_054_scuba",
    "AthenaLoadingScreen:lsid_055_valkyrie",
    "AthenaLoadingScreen:lsid_056_fate",
    "AthenaLoadingScreen:lsid_057_bunnies",
    "AthenaLoadingScreen:lsid_058_djconcept",
    "AthenaLoadingScreen:lsid_059_vampire",
    "AthenaLoadingScreen:lsid_060_cowgirl",
    "AthenaLoadingScreen:lsid_061_werewolf",
    "AthenaLoadingScreen:lsid_062_s6cumulative01",
    "AthenaLoadingScreen:lsid_063_s6cumulative02",
    "AthenaLoadingScreen:lsid_064_s6cumulative03",
    "AthenaLoadingScreen:lsid_065_s6cumulative04",
    "AthenaLoadingScreen:lsid_066_s6cumulative05",
    "AthenaLoadingScreen:lsid_067_s6cumulative06",
    "AthenaLoadingScreen:lsid_068_s6cumulative07",
    "AthenaLoadingScreen:lsid_069_s6cumulative08",
    "AthenaLoadingScreen:lsid_070_s6cumulative09",
    "AthenaLoadingScreen:lsid_071_s6cumulative10",
    "AthenaLoadingScreen:lsid_defaultbg",
    "AthenaLoadingScreen:lsid_fiercecloudpuff",
    "AthenaMusicPack:musicpack_000_default",
    "AthenaMusicPack:musicpack_001_floss",
    "AthenaMusicPack:musicpack_002_spooky",
    "AthenaMusicPack:musicpack_003_ogremix",
    "AthenaBackpack:petcarrier_001_dog",
    "AthenaBackpack:petcarrier_002_chameleon",
    "AthenaBackpack:petcarrier_003_dragon",
    "AthenaPetCosmetic:petid_001_dog",
    "AthenaPetCosmetic:petid_002_chameleon",
    "AthenaPickaxe:boltonpickaxe",
    "AthenaPickaxe:dev_test_pickaxe",
    "AthenaPickaxe:halloweenscythe",
    "AthenaPickaxe:happypickaxe",
    "AthenaPickaxe:pickaxe_deathvalley",
    "AthenaPickaxe:pickaxe_flamingo",
    "AthenaPickaxe:pickaxe_id_011_medieval",
    "AthenaPickaxe:pickaxe_id_012_district",
    "AthenaPickaxe:pickaxe_id_013_teslacoil",
    "AthenaPickaxe:pickaxe_id_014_wintercamo",
    "AthenaPickaxe:pickaxe_id_015_holidaycandycane",
    "AthenaPickaxe:pickaxe_id_016_disco",
    "AthenaPickaxe:pickaxe_id_017_shark",
    "AthenaPickaxe:pickaxe_id_018_anchor",
    "AthenaPickaxe:pickaxe_id_019_heart",
    "AthenaPickaxe:pickaxe_id_020_keg",
    "AthenaPickaxe:pickaxe_id_021_megalodon",
    "AthenaPickaxe:pickaxe_id_022_holidaygiftwrap",
    "AthenaPickaxe:pickaxe_id_023_skiboot",
    "AthenaPickaxe:pickaxe_id_024_plunger",
    "AthenaPickaxe:pickaxe_id_025_dragon",
    "AthenaPickaxe:pickaxe_id_026_brite",
    "AthenaPickaxe:pickaxe_id_027_scavenger",
    "AthenaPickaxe:pickaxe_id_028_space",
    "AthenaPickaxe:pickaxe_id_029_assassin",
    "AthenaPickaxe:pickaxe_id_030_artdeco",
    "AthenaPickaxe:pickaxe_id_031_squeak",
    "AthenaPickaxe:pickaxe_id_032_tactical",
    "AthenaPickaxe:pickaxe_id_033_potofgold",
    "AthenaPickaxe:pickaxe_id_034_rockerpunk",
    "AthenaPickaxe:pickaxe_id_035_prismatic",
    "AthenaPickaxe:pickaxe_id_036_cuchulainn",
    "AthenaPickaxe:pickaxe_id_037_stealth",
    "AthenaPickaxe:pickaxe_id_038_carrot",
    "AthenaPickaxe:pickaxe_id_039_tacticalblack",
    "AthenaPickaxe:pickaxe_id_040_pizza",
    "AthenaPickaxe:pickaxe_id_041_pajamaparty",
    "AthenaPickaxe:pickaxe_id_042_circuitbreaker",
    "AthenaPickaxe:pickaxe_id_043_orbitingplanets",
    "AthenaPickaxe:pickaxe_id_044_tacticalurbanhammer",
    "AthenaPickaxe:pickaxe_id_045_valor",
    "AthenaPickaxe:pickaxe_id_046_candy",
    "AthenaPickaxe:pickaxe_id_047_carbideblue",
    "AthenaPickaxe:pickaxe_id_048_carbideblack",
    "AthenaPickaxe:pickaxe_id_049_metal",
    "AthenaPickaxe:pickaxe_id_050_graffiti",
    "AthenaPickaxe:pickaxe_id_051_neonglow",
    "AthenaPickaxe:pickaxe_id_052_hazmat",
    "AthenaPickaxe:pickaxe_id_053_deco",
    "AthenaPickaxe:pickaxe_id_054_filmcamera",
    "AthenaPickaxe:pickaxe_id_055_stop",
    "AthenaPickaxe:pickaxe_id_056_venus",
    "AthenaPickaxe:pickaxe_id_057_jailbird",
    "AthenaPickaxe:pickaxe_id_058_basketball",
    "AthenaPickaxe:pickaxe_id_059_darkeagle",
    "AthenaPickaxe:pickaxe_id_060_darkninja",
    "AthenaPickaxe:pickaxe_id_061_wwiipilot",
    "AthenaPickaxe:pickaxe_id_062_soccer",
    "AthenaPickaxe:pickaxe_id_063_vuvuzela",
    "AthenaPickaxe:pickaxe_id_064_gumshoe",
    "AthenaPickaxe:pickaxe_id_065_speedyred",
    "AthenaPickaxe:pickaxe_id_066_flintlockred",
    "AthenaPickaxe:pickaxe_id_067_taxi",
    "AthenaPickaxe:pickaxe_id_068_drift",
    "AthenaPickaxe:pickaxe_id_069_darkviking",
    "AthenaPickaxe:pickaxe_id_070_viking",
    "AthenaPickaxe:pickaxe_id_071_streetracer",
    "AthenaPickaxe:pickaxe_id_072_luchador",
    "AthenaPickaxe:pickaxe_id_073_balloon",
    "AthenaPickaxe:pickaxe_id_074_sharpdresser",
    "AthenaPickaxe:pickaxe_id_075_huya",
    "AthenaPickaxe:pickaxe_id_076_douyu",
    "AthenaPickaxe:pickaxe_id_077_carbidewhite",
    "AthenaPickaxe:pickaxe_id_078_lifeguard",
    "AthenaPickaxe:pickaxe_id_079_modernmilitary",
    "AthenaPickaxe:pickaxe_id_080_scuba",
    "AthenaPickaxe:pickaxe_id_081_streetracercobra",
    "AthenaPickaxe:pickaxe_id_082_sushichef",
    "AthenaPickaxe:pickaxe_id_083_exercise",
    "AthenaPickaxe:pickaxe_id_084_durrburgerhero",
    "AthenaPickaxe:pickaxe_id_085_wukong",
    "AthenaPickaxe:pickaxe_id_086_biker",
    "AthenaPickaxe:pickaxe_id_087_hippie",
    "AthenaPickaxe:pickaxe_id_088_psburnout",
    "AthenaPickaxe:pickaxe_id_089_ravenquill",
    "AthenaPickaxe:pickaxe_id_090_samuraiblue",
    "AthenaPickaxe:pickaxe_id_091_hacivat",
    "AthenaPickaxe:pickaxe_id_092_bling",
    "AthenaPickaxe:pickaxe_id_093_medic",
    "AthenaPickaxe:pickaxe_id_094_football",
    "AthenaPickaxe:pickaxe_id_095_footballtrophy",
    "AthenaPickaxe:pickaxe_id_096_footballreferee",
    "AthenaPickaxe:pickaxe_id_097_raptorarcticcamo",
    "AthenaPickaxe:pickaxe_id_098_garageband",
    "AthenaPickaxe:pickaxe_id_099_modernmilitaryred",
    "AthenaPickaxe:pickaxe_id_100_dieselpunk",
    "AthenaPickaxe:pickaxe_id_101_octoberfest",
    "AthenaPickaxe:pickaxe_id_102_redriding",
    "AthenaPickaxe:pickaxe_id_103_fortnitedj",
    "AthenaPickaxe:pickaxe_id_104_cowgirl",
    "AthenaPickaxe:pickaxe_id_105_scarecrow",
    "AthenaPickaxe:pickaxe_id_106_darkbomber",
    "AthenaPickaxe:pickaxe_id_107_plague",
    "AthenaPickaxe:pickaxe_id_108_pumpkinslice",
    "AthenaPickaxe:pickaxe_id_109_skulltrooper",
    "AthenaPickaxe:pickaxe_id_110_vampire",
    "AthenaPickaxe:pickaxe_id_111_blackwidow",
    "AthenaPickaxe:pickaxe_id_112_guanyu",
    "AthenaPickaxe:pickaxe_id_113_muertos",
    "AthenaPickaxe:pickaxe_id_114_badasscowboycowskull",
    "AthenaPickaxe:pickaxe_id_115_evilcowboy",
    "AthenaPickaxe:pickaxe_id_116_celestial",
    "AthenaPickaxe:pickaxe_id_117_madcommander",
    "AthenaPickaxe:pickaxe_id_118_streetops",
    "AthenaPickaxe:pickaxe_id_119_animaljackets",
    "AthenaPickaxe:pickaxe_id_120_samuraiultraarmor",
    "AthenaPickaxe:pickaxe_id_121_robotred",
    "AthenaPickaxe:pickaxe_lockjaw",
    "AthenaPickaxe:sicklebatpickaxe",
    "AthenaPickaxe:skiicepickaxe",
    "AthenaPickaxe:spikypickaxe",
    "AthenaDance:spid_000_testspray",
    "AthenaDance:spid_001_basicbanner",
    "AthenaDance:spid_002_xmark",
    "AthenaDance:spid_003_arrow",
    "AthenaDance:spid_004_chalkoutline",
    "AthenaDance:spid_005_abstract",
    "AthenaDance:spid_006_rainbow",
    "AthenaDance:spid_007_smilegg",
    "AthenaDance:spid_008_hearts",
    "AthenaDance:spid_009_window",
    "AthenaDance:spid_010_tunnel",
    "AthenaDance:spid_011_looted",
    "AthenaDance:spid_012_royalstroll",
    "AthenaDance:spid_013_trapwarning",
    "AthenaDance:spid_014_raven",
    "AthenaDance:spid_015_lips",
    "AthenaDance:spid_016_ponytail",
    "AthenaDance:spid_017_splattershot",
    "AthenaDance:spid_018_shadowops",
    "AthenaDance:spid_019_circle",
    "AthenaDance:spid_020_threellamas",
    "AthenaDance:spid_021_doit",
    "AthenaDance:spid_022_soloshowdown",
    "AthenaDance:spid_023_e3",
    "AthenaDance:spid_024_boogie",
    "AthenaDance:spid_025_crazycastle",
    "AthenaDance:spid_026_darkviking",
    "AthenaDance:spid_027_dragonflies",
    "AthenaDance:spid_028_durrr",
    "AthenaDance:spid_029_lasershark",
    "AthenaDance:spid_030_luchador",
    "AthenaDance:spid_031_pixels",
    "AthenaDance:spid_032_potatoaim",
    "AthenaDance:spid_033_fakedoor",
    "AthenaDance:spid_034_goodvibes",
    "AthenaDance:spid_035_nordicllama",
    "AthenaDance:spid_036_strawberrypaws",
    "AthenaDance:spid_037_drift",
    "AthenaDance:spid_038_sushi",
    "AthenaDance:spid_039_yummy",
    "AthenaDance:spid_040_birthday2018",
    "AthenaDance:spid_041_gc2018",
    "AthenaDance:spid_042_llamacontrollers",
    "AthenaDance:spid_043_flairspray",
    "AthenaDance:spid_044_bling",
    "AthenaDance:spid_045_oni",
    "AthenaDance:spid_046_pixelraven",
    "AthenaDance:spid_047_gremlins",
    "AthenaDance:spid_049_cactusmaze",
    "AthenaDance:spid_050_fullmoon",
    "AthenaDance:spid_051_gameover",
    "AthenaDance:spid_053_ggpotion",
    "AthenaDance:spid_055_wallcrawler",
    "AthenaDance:spid_056_manholecover",
    "AthenaDance:spid_057_creepybunny",
    "AthenaDance:spid_058_cowgirl",
    "AthenaDance:spid_059_dj",
    "AthenaDance:spid_060_dayofdead",
    "AthenaDance:spid_061_spiderweb",
    "AthenaDance:spid_062_werewolf",
    "AthenaDance:spid_063_cowboy",
    "AthenaDance:spid_064_s6lvl100",
    "AthenaDance:toy_000_testtoy",
    "AthenaDance:toy_001_basketball",
    "AthenaDance:toy_002_golfball",
    "AthenaDance:toy_003_beachball",
    "AthenaDance:toy_004_basketballelite",
    "AthenaDance:toy_005_golfballelite",
    "AthenaDance:toy_006_beachballelite",
    "AthenaDance:toy_007_tomato",
    "AthenaDance:toy_008_tomatoelite",
    "AthenaVictoryPose:eid_ridethepony",
    "AthenaGadget:agid_boostjumppack",
    "AthenaGadget:agid_spookymist",
    "AthenaSeason:athenaseason0",
    "AthenaSeason:athenaseason1",
    "AthenaSeason:athenaseason2",
    "AthenaSeason:athenaseason3",
    "AthenaSeason:athenaseason4",
    "AthenaSeason:athenaseason5",
    "AthenaSeason:athenaseason6"
  ],
  "CoreItems": [
    "HomebaseBannerColor:defaultcolor1",
    "HomebaseBannerColor:defaultcolor2",
    "HomebaseBannerColor:defaultcolor3",
    "HomebaseBannerColor:defaultcolor4",
    "HomebaseBannerColor:defaultcolor5",
    "HomebaseBannerColor:defaultcolor6",
    "HomebaseBannerColor:defaultcolor7",
    "HomebaseBannerColor:defaultcolor8",
    "HomebaseBannerColor:defaultcolor9",
    "HomebaseBannerColor:defaultcolor10",
    "HomebaseBannerColor:defaultcolor11",
    "HomebaseBannerColor:defaultcolor12",
    "HomebaseBannerColor:defaultcolor13",
    "HomebaseBannerColor:defaultcolor14",
    "HomebaseBannerColor:defaultcolor15",
    "HomebaseBannerColor:defaultcolor16",
    "HomebaseBannerColor:defaultcolor17",
    "HomebaseBannerColor:defaultcolor18",
    "HomebaseBannerColor:defaultcolor19",
    "HomebaseBannerColor:defaultcolor20",
    "HomebaseBannerColor:defaultcolor21",
    "HomebaseBannerIcon:standardbanner1",
    "HomebaseBannerIcon:standardbanner2",
    "HomebaseBannerIcon:standardbanner3",
    "HomebaseBannerIcon:standardbanner4",
    "HomebaseBannerIcon:standardbanner5",
    "HomebaseBannerIcon:standardbanner6",
    "HomebaseBannerIcon:standardbanner7",
    "HomebaseBannerIcon:standardbanner8",
    "HomebaseBannerIcon:standardbanner9",
    "HomebaseBannerIcon:standardbanner10",
    "HomebaseBannerIcon:standardbanner11",
    "HomebaseBannerIcon:standardbanner12",
    "HomebaseBannerIcon:standardbanner13",
    "HomebaseBannerIcon:standardbanner14",
    "HomebaseBannerIcon:standardbanner15",
    "HomebaseBannerIcon:standardbanner16",
    "HomebaseBannerIcon:standardbanner17",
    "HomebaseBannerIcon:standardbanner18",
    "HomebaseBannerIcon:standardbanner19",
    "HomebaseBannerIcon:standardbanner20",
    "HomebaseBannerIcon:standardbanner21",
    "HomebaseBannerIcon:standardbanner22",
    "HomebaseBannerIcon:standardbanner23",
    "HomebaseBannerIcon:standardbanner24",
    "HomebaseBannerIcon:standardbanner25",
    "HomebaseBannerIcon:standardbanner26",
    "HomebaseBannerIcon:standardbanner27",
    "HomebaseBannerIcon:standardbanner28",
    "HomebaseBannerIcon:standardbanner29",
    "HomebaseBannerIcon:standardbanner30",
    "HomebaseBannerIcon:standardbanner31"
  ],
  "EquippedItems": {
    "favorite_character": "AthenaCharacter:CID_238_Athena_Commando_F_FootballGirlD",
    "favorite_backpack": "AthenaBackpack:bid_092_fuzzybearpanda",
    "favorite_pickaxe": "AthenaPickaxe:pickaxe_id_013_teslacoil",
    "favorite_glider": "",
    "favorite_skydivecontrail": "",
    "favorite_dance0": "AthenaDance:eid_kpopdance01",
    "favorite_dance1": "",
    "favorite_dance2": "",
    "favorite_dance3": "",
    "favorite_dance4": "",
    "favorite_dance5": "",
    "favorite_musicpack": "",
    "favorite_loadingscreen": ""
  }
}